"companyName","website","reProfileUrl","field","existingValue","scrapedValue","assessment"
"incratec","https://incratec.com","https://www.rocketengineers.io/solution-providers/incratec-gmbh","companyName","incratec GmbH","incratec GmbH","equal"
"incratec","https://incratec.com","https://www.rocketengineers.io/solution-providers/incratec-gmbh","website","https://incratec.com","https://incratec.com","equal"
"incratec","https://incratec.com","https://www.rocketengineers.io/solution-providers/incratec-gmbh","description","Conversational AI for a Swiss public agency: Azure OpenAI chatbot reduces support workload, improves accessibility, and enables AI-compliant service delivery.","Tobias Kluge ist Experte für künstliche Intelligenz und Gründer der incratec GmbH. Die incratec GmbH begleitet Unternehmen umfassend bei der KI-Nutzung: von der Strategie, über Beschaffung, Einführung und Entwicklung von KI-Lösungen bis zum Training.","better"
"incratec","https://incratec.com","https://www.rocketengineers.io/solution-providers/incratec-gmbh","services","AI Engineering | AI Strategy | AI Consulting | Software Development","KI-Strategie & -Beratung | KI-Training | KI-Lösungen entwickeln | Referent zum Thema KI | Software-Entwicklung mit KI","better"
"incratec","https://incratec.com","https://www.rocketengineers.io/solution-providers/incratec-gmbh","technologies","Azure | OpenAI | Azure App Services | Microsoft Identity Platform","PHP | HCL | C# | Shell | Perl | Azure","better"
"incratec","https://incratec.com","https://www.rocketengineers.io/solution-providers/incratec-gmbh","vendorPartnerships","Microsoft","","worse"
"incratec","https://incratec.com","https://www.rocketengineers.io/solution-providers/incratec-gmbh","location","{""city"":""Stettlen"",""country"":""Switzerland""}","Stettlen, Canton of Bern, Switzerland","different"
"incratec","https://incratec.com","https://www.rocketengineers.io/solution-providers/incratec-gmbh","companySize","1","4","better"
"incratec","https://incratec.com","https://www.rocketengineers.io/solution-providers/incratec-gmbh","foundedYear","","2011","new"
"incratec","https://incratec.com","https://www.rocketengineers.io/solution-providers/incratec-gmbh","industries","","Artificial Intelligence | Technology Consulting | Software Development","new"
"incratec","https://incratec.com","https://www.rocketengineers.io/solution-providers/incratec-gmbh","recentActivity","","Azure sample repository using agentic software engineering (inc-edu-sweai-azure) | C# client for Gisgraphy.com / provided by GeoCoder Pro | PHP client for TomTom Geocoding API | PHP class for OpenEMM","new"
"incratec","https://incratec.com","https://www.rocketengineers.io/solution-providers/incratec-gmbh","githubUrl","","https://github.com/incratec","new"
"incratec","https://incratec.com","https://www.rocketengineers.io/solution-providers/incratec-gmbh","linkedinUrl","","http://www.linkedin.com/company/incratec","new"
"incratec","https://incratec.com","https://www.rocketengineers.io/solution-providers/incratec-gmbh","logoUrl","https://cdn.sanity.io/images/nvc7dfzj/production/85c11861b029d0ed3852d832a3b96c863f1c58c7-1280x720.png","https://incratec.com/wp-content/uploads/2025/08/cropped-incratec-logo-icon-full-32x32.png","different"
"incratec","https://incratec.com","https://www.rocketengineers.io/solution-providers/incratec-gmbh","confidenceScore","","95","new"
"4data","https://4data.ch/en/","https://www.rocketengineers.io/solution-providers/4data","companyName","4data","4data AG","better"
"4data","https://4data.ch/en/","https://www.rocketengineers.io/solution-providers/4data","website","https://4data.ch/en/","https://4data.ch","different"
"4data","https://4data.ch/en/","https://www.rocketengineers.io/solution-providers/4data","description","Cloud-native transformation for a large fintech platform with high availability needs. Scaled from 2M to 6M users and doubled annual transactions via Kubernetes, circuit breaker patterns, and platform re-architecture.","We empower companies with automated, scalable, and reliable platform solutions to accelerate innovation and drive seamless product development","different"
"4data","https://4data.ch/en/","https://www.rocketengineers.io/solution-providers/4data","services","Cloud Security | Cloud Engineering | IaC | Observability","DevOps Consulting | Managed Services | Cloud Native Solutions | CI/CD Implementation | Infrastructure as Code | Container Platform Management | OpenShift Migration | GitLab Management | Security Implementation","better"
"4data","https://4data.ch/en/","https://www.rocketengineers.io/solution-providers/4data","technologies","Kubernetes | Azure","Kubernetes | OpenShift | GitLab | JFrog Artifactory | JFrog Xray | Oracle | CI/CD | Containerization","better"
"4data","https://4data.ch/en/","https://www.rocketengineers.io/solution-providers/4data","vendorPartnerships","GitLab | Kubermatic | JFrog","","worse"
"4data","https://4data.ch/en/","https://www.rocketengineers.io/solution-providers/4data","location","{""city"":""Zürich"",""country"":""Switzerland""}","Zurich, Switzerland","different"
"4data","https://4data.ch/en/","https://www.rocketengineers.io/solution-providers/4data","companySize","5-10","8","different"
"4data","https://4data.ch/en/","https://www.rocketengineers.io/solution-providers/4data","foundedYear","","2019","new"
"4data","https://4data.ch/en/","https://www.rocketengineers.io/solution-providers/4data","industries","","IT Consulting | DevOps Services | Cloud Solutions","new"
"4data","https://4data.ch/en/","https://www.rocketengineers.io/solution-providers/4data","recentActivity","","Cloud Native Zürich 2026 event participation scheduled for June 11, 2026","new"
"4data","https://4data.ch/en/","https://www.rocketengineers.io/solution-providers/4data","githubUrl","","","missing"
"4data","https://4data.ch/en/","https://www.rocketengineers.io/solution-providers/4data","linkedinUrl","","http://www.linkedin.com/company/4data-ch","new"
"4data","https://4data.ch/en/","https://www.rocketengineers.io/solution-providers/4data","logoUrl","https://cdn.sanity.io/images/nvc7dfzj/production/49646d19896120957df422c52108f0d48641c0f0-1280x720.png","https://4data.ch/images/favicon.56d793013705459977af2bb61e99ca8fa1016e507262b0d4b8b30a193da53a5e.svg","different"
"4data","https://4data.ch/en/","https://www.rocketengineers.io/solution-providers/4data","confidenceScore","","85","new"
"écociel","https://ecociel.swiss/","https://www.rocketengineers.io/solution-providers/ecociel-ag","companyName","écociel AG","écociel AG","equal"
"écociel","https://ecociel.swiss/","https://www.rocketengineers.io/solution-providers/ecociel-ag","website","https://ecociel.swiss/","https://ecociel.swiss/","equal"
"écociel","https://ecociel.swiss/","https://www.rocketengineers.io/solution-providers/ecociel-ag","description","Smart metering platform unifies 700+ IoT systems into a scalable, multi-tenant solution with Kubernetes, enabling SLA tracking and SaaS readiness.","We help our clients to create applications and IT systems that not only deliver great features to their customers but that also fit within their general IT- and business strategy. We use 20 years of corporate transformation experience to put you on a value-driven and controlled path to AI adoption.","better"
"écociel","https://ecociel.swiss/","https://www.rocketengineers.io/solution-providers/ecociel-ag","services","Software Development | Data Engineering | Infrastructure Operations","AI Transformation | Digital Strategy | Intelligence Architecture | Data Inventory | Application Development | Site Reliability Engineering | Platform Engineering | Infrastructure Automation | Software Development | 24x7 Operations Support | Infrastructure as Code","better"
"écociel","https://ecociel.swiss/","https://www.rocketengineers.io/solution-providers/ecociel-ag","technologies","Cassandra | Golang | Azure | Terraform/OpenTofu | Kubernetes | Prometheus | Grafana","Rust | Go | Python | Kotlin | C | Docker | Kubernetes | Terraform | Ansible | Cassandra | Apache Spark | Scala | HTML | CSS | JavaScript","better"
"écociel","https://ecociel.swiss/","https://www.rocketengineers.io/solution-providers/ecociel-ag","vendorPartnerships","","","missing"
"écociel","https://ecociel.swiss/","https://www.rocketengineers.io/solution-providers/ecociel-ag","location","{""city"":""Stansstad"",""country"":""Switzerland""}","Stansstad, Nidwalden, Switzerland","different"
"écociel","https://ecociel.swiss/","https://www.rocketengineers.io/solution-providers/ecociel-ag","companySize","10-15","4","different"
"écociel","https://ecociel.swiss/","https://www.rocketengineers.io/solution-providers/ecociel-ag","foundedYear","","2022","new"
"écociel","https://ecociel.swiss/","https://www.rocketengineers.io/solution-providers/ecociel-ag","industries","","Software Development | IT Consulting | Digital Transformation | AI Services","new"
"écociel","https://ecociel.swiss/","https://www.rocketengineers.io/solution-providers/ecociel-ag","recentActivity","","Active development on Rust projects including newtype-rs and nio-client | Go client development for nio authorization server | Maintenance of company website repository | Development of access control clients","new"
"écociel","https://ecociel.swiss/","https://www.rocketengineers.io/solution-providers/ecociel-ag","githubUrl","","https://github.com/ecociel","new"
"écociel","https://ecociel.swiss/","https://www.rocketengineers.io/solution-providers/ecociel-ag","linkedinUrl","","http://www.linkedin.com/company/ecociel-ch","new"
"écociel","https://ecociel.swiss/","https://www.rocketengineers.io/solution-providers/ecociel-ag","logoUrl","https://cdn.sanity.io/images/nvc7dfzj/production/4609057d9e890341b214a2eefc2f6f2cb622952f-1280x720.png","https://ecociel.ch/images/favicon_hu10087783964866864032.png","different"
"écociel","https://ecociel.swiss/","https://www.rocketengineers.io/solution-providers/ecociel-ag","confidenceScore","","95","new"
"Palark","https://palark.com/","https://www.rocketengineers.io/solution-providers/palark","companyName","Palark GmbH","Palark","different"
"Palark","https://palark.com/","https://www.rocketengineers.io/solution-providers/palark","website","https://palark.com/","https://palark.com","different"
"Palark","https://palark.com/","https://www.rocketengineers.io/solution-providers/palark","description","A US consumer tech company with millions of users rebuilt its Kubernetes infrastructure from the ground up. With DevOps as a Service, CI/","ISO 27001-certified DevOps and Site Reliability Engineering (SRE) service provider offering 24/7 support, Kubernetes expertise, and comprehensive infrastructure management. Palark provides DevOps as a Service and SRE as a Service with transparent pricing and guaranteed SLAs.","better"
"Palark","https://palark.com/","https://www.rocketengineers.io/solution-providers/palark","services","DevOps as a Service | Cloud Architecture | Cloud Engineering | CI/CD | Monitoring | Observability | GitOps","DevOps as a Service | SRE as a Service | Kubernetes migration | Cloud enablement | Infrastructure & CI/CD audit | 24/7 support and monitoring | Incident management | Infrastructure as Code (IaC) | Multi-layered observability | Security implementation | Software release processes","better"
"Palark","https://palark.com/","https://www.rocketengineers.io/solution-providers/palark","technologies","Kubernetes | Cilium | Redis | ClickHouse | RabbitMQ | Loki","Kubernetes | Terraform | Pulumi | Ansible | Prometheus | Grafana | GitLab CI/CD | GitHub Actions | Docker | Go | Python | Shell | JavaScript | HTML","better"
"Palark","https://palark.com/","https://www.rocketengineers.io/solution-providers/palark","vendorPartnerships","CNCF","Kubernetes Certified Service Provider","better"
"Palark","https://palark.com/","https://www.rocketengineers.io/solution-providers/palark","location","{""city"":""Ulm"",""country"":""Germany""}","Ulm, Germany","different"
"Palark","https://palark.com/","https://www.rocketengineers.io/solution-providers/palark","companySize","30-50","34","different"
"Palark","https://palark.com/","https://www.rocketengineers.io/solution-providers/palark","foundedYear","","2022","new"
"Palark","https://palark.com/","https://www.rocketengineers.io/solution-providers/palark","industries","","DevOps services | Site Reliability Engineering | Cloud infrastructure | Software development support","new"
"Palark","https://palark.com/","https://www.rocketengineers.io/solution-providers/palark","recentActivity","","Top 100 Kubernetes contributors | Running Kubernative channel | CNCF Ambassador in team | Tech blog publications | Community presentations at events | Open source contributions to Kubernetes ecosystem","new"
"Palark","https://palark.com/","https://www.rocketengineers.io/solution-providers/palark","githubUrl","","https://github.com/palark","new"
"Palark","https://palark.com/","https://www.rocketengineers.io/solution-providers/palark","linkedinUrl","","http://www.linkedin.com/company/palark","new"
"Palark","https://palark.com/","https://www.rocketengineers.io/solution-providers/palark","logoUrl","https://cdn.sanity.io/images/nvc7dfzj/production/42e241e6be147e6fce4d1d4088c9ce9177e9ef62-1280x720.png","https://palark.com/wp-content/uploads/2023/07/favicon.png","different"
"Palark","https://palark.com/","https://www.rocketengineers.io/solution-providers/palark","confidenceScore","","95","new"
"ONZACK","https://www.onzack.com/","https://www.rocketengineers.io/solution-providers/onzack","companyName","ONZACK AG","ONZACK","different"
"ONZACK","https://www.onzack.com/","https://www.rocketengineers.io/solution-providers/onzack","website","https://www.onzack.com/","https://www.onzack.com/","equal"
"ONZACK","https://www.onzack.com/","https://www.rocketengineers.io/solution-providers/onzack","description","AI-ready infrastructure for a Swiss legal tech SaaS, built on Kubernetes with GitOps, GPU support, and full sovereignty for future cloud flexibility.","ONZACK bringt Einfachheit und Klarheit in komplexe Systeme. Dafür unterstützen wir Unternehmen beim optimalen Einsatz neuer Technologien. Wir sind ein junges Unternehmen, spezialisiert auf Plattform Engineering mit Open Source und Cloud Native Technologien.","better"
"ONZACK","https://www.onzack.com/","https://www.rocketengineers.io/solution-providers/onzack","services","Cloud Architecture | AI Consulting | Cloud Engineering | GitOps | Cloud Migration | DevOps Culture","Kubernetes Integration | Kubernetes Monitoring | Applikationen und DevOps | Grafana Dashboards | Platform Engineering | Container-Security | CI/CD Pipelines | GitOps | Infrastructure-as-Code | Monitoring Stack Setup | Automation","better"
"ONZACK","https://www.onzack.com/","https://www.rocketengineers.io/solution-providers/onzack","technologies","Rancher | Kubernetes | Grafana | Alertmanager | Prometheus | Longhorn | ArgoCD | NVIDIA DGX | NVDIA GPU Operator | Cilium","Kubernetes | OpenShift | Docker | Prometheus | Grafana | Alertmanager | Ansible | ArgoCD | GitLab | Helm | Kustomize | Grafana Loki | Go | Shell | Dockerfile | Python | HCL | Cilium | Crossplane","better"
"ONZACK","https://www.onzack.com/","https://www.rocketengineers.io/solution-providers/onzack","vendorPartnerships","","","missing"
"ONZACK","https://www.onzack.com/","https://www.rocketengineers.io/solution-providers/onzack","location","{""city"":""Landquart"",""country"":""Switzerland""}","Chur, Switzerland","different"
"ONZACK","https://www.onzack.com/","https://www.rocketengineers.io/solution-providers/onzack","companySize","5-10","5","different"
"ONZACK","https://www.onzack.com/","https://www.rocketengineers.io/solution-providers/onzack","foundedYear","","","missing"
"ONZACK","https://www.onzack.com/","https://www.rocketengineers.io/solution-providers/onzack","industries","","Information Technology | Cloud Computing | DevOps | Platform Engineering","new"
"ONZACK","https://www.onzack.com/","https://www.rocketengineers.io/solution-providers/onzack","recentActivity","","Recent GitHub activity with hubble-observer project (2026) | kaniko-chainguard container image maintenance (2026) | cf2cnp CLI tool development (2026) | grafana-dashboards project with 144 stars | provider-cloudscale Crossplane provider development","new"
"ONZACK","https://www.onzack.com/","https://www.rocketengineers.io/solution-providers/onzack","githubUrl","","https://github.com/onzack","new"
"ONZACK","https://www.onzack.com/","https://www.rocketengineers.io/solution-providers/onzack","linkedinUrl","","http://www.linkedin.com/company/onzack-ag","new"
"ONZACK","https://www.onzack.com/","https://www.rocketengineers.io/solution-providers/onzack","logoUrl","https://cdn.sanity.io/images/nvc7dfzj/production/661dfcd453dddb72e0e2ba55deef38a42de35152-1280x720.jpg","https://www.onzack.com/wp-content/uploads/2024/02/cropped-Onzack_Kreis_schwarz-32x32.png","different"
"ONZACK","https://www.onzack.com/","https://www.rocketengineers.io/solution-providers/onzack","confidenceScore","","95","new"
"Floads","https://floads.io/","https://www.rocketengineers.io/solution-providers/floads-gmbh","companyName","Floads GmbH","Floads GmbH","equal"
"Floads","https://floads.io/","https://www.rocketengineers.io/solution-providers/floads-gmbh","website","https://floads.io/","https://floads.io","different"
"Floads","https://floads.io/","https://www.rocketengineers.io/solution-providers/floads-gmbh","description","Discover how Floads.io modernized legacy Docker Swarm with Kubernetes & BSD for secure, scalable, and developer-friendly canton web infrastructure.","Senior platform engineers specializing in Kubernetes, database scaling, cloud infrastructure, and reliability. We help companies run reliable platforms at scale through focused engagements.","better"
"Floads","https://floads.io/","https://www.rocketengineers.io/solution-providers/floads-gmbh","services","Cloud Engineering | Linux System Engineering | Cloud Native Transformation | Monitoring | Infrastructure Operations","Kubernetes & Platform Engineering | Database Scaling & Reliability | Cloud Architecture & Cost Optimization | Migration & Modernization | Kubernetes cluster design and operations | Database reliability, replication, and backups | Cloud architecture and cost optimization | Migrations from legacy to modern infrastructure","better"
"Floads","https://floads.io/","https://www.rocketengineers.io/solution-providers/floads-gmbh","technologies","Docker | Docker Swarm | Kubernetes | ArgoCD | MySQL | WireGuard | Terraform/OpenTofu | *BSD | Traefik","Kubernetes | MySQL | PostgreSQL | AWS | GCP | Docker | Percona | ProxySQL | EKS | Terraform | Ansible | Shell | Python | Makefile","better"
"Floads","https://floads.io/","https://www.rocketengineers.io/solution-providers/floads-gmbh","vendorPartnerships","","","missing"
"Floads","https://floads.io/","https://www.rocketengineers.io/solution-providers/floads-gmbh","location","{""city"":""Baar"",""country"":""Switzerland""}","Baar, Canton of Zug, Switzerland","different"
"Floads","https://floads.io/","https://www.rocketengineers.io/solution-providers/floads-gmbh","companySize","1-5","3","different"
"Floads","https://floads.io/","https://www.rocketengineers.io/solution-providers/floads-gmbh","foundedYear","","","missing"
"Floads","https://floads.io/","https://www.rocketengineers.io/solution-providers/floads-gmbh","industries","","Technology Consulting | Platform Engineering | Infrastructure Services | DevOps | Cloud Services","new"
"Floads","https://floads.io/","https://www.rocketengineers.io/solution-providers/floads-gmbh","recentActivity","","Zero-downtime MySQL migration at TB scale for fintech SaaS | Kubernetes cost reduction achieving 40% less cloud spend | MySQL incremental backups optimization reducing backup time from 12 hours to 30 minutes | Kubernetes node autoscaling for handling unpredictable traffic spikes | System engineering tools and utilities development | AI-assisted coding and Ansible automation platform | Monitoring dashboard for M/Monit instances","new"
"Floads","https://floads.io/","https://www.rocketengineers.io/solution-providers/floads-gmbh","githubUrl","","https://github.com/floadsio","new"
"Floads","https://floads.io/","https://www.rocketengineers.io/solution-providers/floads-gmbh","linkedinUrl","","http://www.linkedin.com/company/floads","new"
"Floads","https://floads.io/","https://www.rocketengineers.io/solution-providers/floads-gmbh","logoUrl","https://cdn.sanity.io/images/nvc7dfzj/production/41922c22adda5ba76b6782412a7a0d9fd8e8a5ac-1280x720.jpg","https://floads.io/images/favicon.png","different"
"Floads","https://floads.io/","https://www.rocketengineers.io/solution-providers/floads-gmbh","confidenceScore","","95","new"
"Friendly Nerds","https://www.friendlynerds.ch","https://www.rocketengineers.io/solution-providers/friendly-nerds","companyName","Friendly Nerds","Friendly Nerds","equal"
"Friendly Nerds","https://www.friendlynerds.ch","https://www.rocketengineers.io/solution-providers/friendly-nerds","website","https://www.friendlynerds.ch","https://www.friendlynerds.ch","equal"
"Friendly Nerds","https://www.friendlynerds.ch","https://www.rocketengineers.io/solution-providers/friendly-nerds","description","Discover how Friendly Nerds helped a Swiss insurer cut processing times from 50 to under 5 seconds and reduced operational costs by 90% using serverless architecture and AI-powered OCR for vehicle registration automation.","Hardcore tech nerds mastering A.I., Cloud, Data and Software Engineering to solve real business problems with creative tech solutions.","different"
"Friendly Nerds","https://www.friendlynerds.ch","https://www.rocketengineers.io/solution-providers/friendly-nerds","services","AI Engineering | AI Consulting | Software Development","A.I. consulting and implementation | Cloud engineering | Data engineering | Software engineering | DevOps | Digital strategy consulting | Web application development | Visual communication and design | Marketing and social media","better"
"Friendly Nerds","https://www.friendlynerds.ch","https://www.rocketengineers.io/solution-providers/friendly-nerds","technologies","AWS Lambda | Serverless | AWS Textract | AWS API Gateway | AWS Step Functions | AWS S3","Kubernetes | Ruby | HTML","different"
"Friendly Nerds","https://www.friendlynerds.ch","https://www.rocketengineers.io/solution-providers/friendly-nerds","vendorPartnerships","","","missing"
"Friendly Nerds","https://www.friendlynerds.ch","https://www.rocketengineers.io/solution-providers/friendly-nerds","location","{""city"":""Thun"",""country"":""Switzerland""}","Bern, Canton of Bern, Switzerland","different"
"Friendly Nerds","https://www.friendlynerds.ch","https://www.rocketengineers.io/solution-providers/friendly-nerds","companySize","5-10","3","different"
"Friendly Nerds","https://www.friendlynerds.ch","https://www.rocketengineers.io/solution-providers/friendly-nerds","foundedYear","","","missing"
"Friendly Nerds","https://www.friendlynerds.ch","https://www.rocketengineers.io/solution-providers/friendly-nerds","industries","","Technology Consulting | Software Development | Cloud Services","new"
"Friendly Nerds","https://www.friendlynerds.ch","https://www.rocketengineers.io/solution-providers/friendly-nerds","recentActivity","","[object Object]","new"
"Friendly Nerds","https://www.friendlynerds.ch","https://www.rocketengineers.io/solution-providers/friendly-nerds","githubUrl","","https://github.com/FriendlyNerds","new"
"Friendly Nerds","https://www.friendlynerds.ch","https://www.rocketengineers.io/solution-providers/friendly-nerds","linkedinUrl","","http://www.linkedin.com/company/friendlynerds","new"
"Friendly Nerds","https://www.friendlynerds.ch","https://www.rocketengineers.io/solution-providers/friendly-nerds","logoUrl","https://cdn.sanity.io/images/nvc7dfzj/production/f22d92883d26e1360249ae21d8c78bc9ed5e98a0-1280x720.png","https://www.friendlynerds.ch/images/assets/favicon.ico","different"
"Friendly Nerds","https://www.friendlynerds.ch","https://www.rocketengineers.io/solution-providers/friendly-nerds","confidenceScore","","85","new"
"tim&koko","https://tim-koko.ch/en/","https://www.rocketengineers.io/solution-providers/tim-and-koko","companyName","tim&amp;koko","tim&koko","different"
"tim&koko","https://tim-koko.ch/en/","https://www.rocketengineers.io/solution-providers/tim-and-koko","website","https://tim-koko.ch/en/","https://tim-koko.ch","different"
"tim&koko","https://tim-koko.ch/en/","https://www.rocketengineers.io/solution-providers/tim-and-koko","description","This case study outlines the transformative journey of a major Swiss retailer's successful migration to the cloud","","worse"
"tim&koko","https://tim-koko.ch/en/","https://www.rocketengineers.io/solution-providers/tim-and-koko","services","Cloud Engineering | Cloud Architecture | Product Owner","","worse"
"tim&koko","https://tim-koko.ch/en/","https://www.rocketengineers.io/solution-providers/tim-and-koko","technologies","GCP | Kubernetes | GKE | SAP Commerce Cloud | Google Cloud Run | GitHub | Grafana | Prometheus | Java | Node.js | Python","TypeScript | HTML | Python | Go | SCSS | JavaScript | C# | Dockerfile | Java | C++ | Rust | Makefile | PHP | Kotlin | Shell | Ruby | CMake | Objective-C++ | CSS | Smarty | Objective-C | C | Kanister | kubectl | KubeVirt | OpenShift | Helm","better"
"tim&koko","https://tim-koko.ch/en/","https://www.rocketengineers.io/solution-providers/tim-and-koko","vendorPartnerships","Red Hat","","worse"
"tim&koko","https://tim-koko.ch/en/","https://www.rocketengineers.io/solution-providers/tim-and-koko","location","{""city"":""Bern"",""country"":""Switzerland""}","Bern, Canton of Bern, Switzerland","different"
"tim&koko","https://tim-koko.ch/en/","https://www.rocketengineers.io/solution-providers/tim-and-koko","companySize","5-10","5","different"
"tim&koko","https://tim-koko.ch/en/","https://www.rocketengineers.io/solution-providers/tim-and-koko","foundedYear","","2022","new"
"tim&koko","https://tim-koko.ch/en/","https://www.rocketengineers.io/solution-providers/tim-and-koko","industries","","","missing"
"tim&koko","https://tim-koko.ch/en/","https://www.rocketengineers.io/solution-providers/tim-and-koko","recentActivity","","Active GitHub development with 10 public repositories | Recent work on container images and Kubernetes tools | OpenTelemetry demo implementations | KubeVirt and OpenShift virtualization projects | Helm chart development for application monitoring","new"
"tim&koko","https://tim-koko.ch/en/","https://www.rocketengineers.io/solution-providers/tim-and-koko","githubUrl","","https://github.com/tim-koko","new"
"tim&koko","https://tim-koko.ch/en/","https://www.rocketengineers.io/solution-providers/tim-and-koko","linkedinUrl","","http://www.linkedin.com/company/tim-koko","new"
"tim&koko","https://tim-koko.ch/en/","https://www.rocketengineers.io/solution-providers/tim-and-koko","logoUrl","https://cdn.sanity.io/images/nvc7dfzj/production/20ce70be53c48a4fc65a3e422da5d29e6abad267-1280x720.png","","worse"
"tim&koko","https://tim-koko.ch/en/","https://www.rocketengineers.io/solution-providers/tim-and-koko","confidenceScore","","75","new"
"bespinian","https://bespinian.io/","https://www.rocketengineers.io/solution-providers/bespinian","companyName","bespinian","bespinian","equal"
"bespinian","https://bespinian.io/","https://www.rocketengineers.io/solution-providers/bespinian","website","https://bespinian.io/","https://bespinian.io","different"
"bespinian","https://bespinian.io/","https://www.rocketengineers.io/solution-providers/bespinian","description","Discover how expert facilitation around cloud-native technology enabled a traditional company to transform into a global SaaS provider, significantly enhancing operational efficiency and expanding market presence.","Swiss-based engineers help modernize apps with platforms like AWS, Azure, and Kubernetes, using serverless and AI tools to cut costs, ship features faster, and boost team productivity","different"
"bespinian","https://bespinian.io/","https://www.rocketengineers.io/solution-providers/bespinian","services","Cloud Security | Cloud Strategy | Cloud Engineering | DevOps Culture | App Modernisation | CI/CD | IaC","Serverless Application Acceleration | Cloud Native Empowerment | SaaS Transformation | Pragmatic AI Adoption","different"
"bespinian","https://bespinian.io/","https://www.rocketengineers.io/solution-providers/bespinian","technologies","Azure | ArgoCD | Terraform/OpenTofu | Hashicorp Vault | Kubernetes","AWS | Azure | Kubernetes | Serverless | AI tools | Terraform | Go | JavaScript | TypeScript | Docker | Infrastructure as Code","better"
"bespinian","https://bespinian.io/","https://www.rocketengineers.io/solution-providers/bespinian","vendorPartnerships","","","missing"
"bespinian","https://bespinian.io/","https://www.rocketengineers.io/solution-providers/bespinian","location","{""city"":""Bern"",""country"":""Switzerland""}","Bern, Switzerland","different"
"bespinian","https://bespinian.io/","https://www.rocketengineers.io/solution-providers/bespinian","companySize","10-15","8","different"
"bespinian","https://bespinian.io/","https://www.rocketengineers.io/solution-providers/bespinian","foundedYear","","2019","new"
"bespinian","https://bespinian.io/","https://www.rocketengineers.io/solution-providers/bespinian","industries","","Cloud consulting | Software engineering | DevOps services | Technology consulting","new"
"bespinian","https://bespinian.io/","https://www.rocketengineers.io/solution-providers/bespinian","recentActivity","","Blog post on Claude Code using AWS Bedrock | Blog post on cloud migration and digital transformation | Blog post on OpenBao as open source Vault alternative | Kubernetes training and Jitsi deployment success story","new"
"bespinian","https://bespinian.io/","https://www.rocketengineers.io/solution-providers/bespinian","githubUrl","","https://github.com/bespinian","new"
"bespinian","https://bespinian.io/","https://www.rocketengineers.io/solution-providers/bespinian","linkedinUrl","","http://www.linkedin.com/company/bespinian","new"
"bespinian","https://bespinian.io/","https://www.rocketengineers.io/solution-providers/bespinian","logoUrl","https://cdn.sanity.io/images/nvc7dfzj/production/11eb5856ca5e2b75ce025291aafafb62f92576df-1280x720.png","https://bespinian.io/favicon.svg","different"
"bespinian","https://bespinian.io/","https://www.rocketengineers.io/solution-providers/bespinian","confidenceScore","","95","new"
"re:cinq","https://re-cinq.com/","https://www.rocketengineers.io/solution-providers/re-cinq","companyName","re:cinq","re:cinq","equal"
"re:cinq","https://re-cinq.com/","https://www.rocketengineers.io/solution-providers/re-cinq","website","https://re-cinq.com/","https://re-cinq.com/","equal"
"re:cinq","https://re-cinq.com/","https://www.rocketengineers.io/solution-providers/re-cinq","description","Smart Insights to Reduce Costs and CO2 Emissions","We design and build AI Native platforms your teams can operate, trust, and scale. We move AI from demo to production by getting data pipelines right, locking down architecture, and building for scale.","better"
"re:cinq","https://re-cinq.com/","https://www.rocketengineers.io/solution-providers/re-cinq","services","Green IT | Cloud Strategy","AI Readiness | AI Native Adoption | AI Native at Scale | AI Education | Sustainable IT audit","better"
"re:cinq","https://re-cinq.com/","https://www.rocketengineers.io/solution-providers/re-cinq","technologies","re:cinq Platform","Go | TypeScript | Python | JavaScript | Kubernetes | Istio | gRPC | Docker | Shell | HCL | Vue | HTML | CSS","better"
"re:cinq","https://re-cinq.com/","https://www.rocketengineers.io/solution-providers/re-cinq","vendorPartnerships","","","missing"
"re:cinq","https://re-cinq.com/","https://www.rocketengineers.io/solution-providers/re-cinq","location","{""city"":""."",""country"":"".""}","Aarhus, Central Denmark Region, Denmark","better"
"re:cinq","https://re-cinq.com/","https://www.rocketengineers.io/solution-providers/re-cinq","companySize","11-20","12","different"
"re:cinq","https://re-cinq.com/","https://www.rocketengineers.io/solution-providers/re-cinq","foundedYear","","2023","new"
"re:cinq","https://re-cinq.com/","https://www.rocketengineers.io/solution-providers/re-cinq","industries","","AI consulting | Software engineering | Data platforms | Technology consulting","new"
"re:cinq","https://re-cinq.com/","https://www.rocketengineers.io/solution-providers/re-cinq","recentActivity","","CodeGenAI Developer Training event scheduled for September 10-11, 2026 in Amsterdam | Recent GitHub activity on shift-log project (coding agents' conversations in Git Notes) | Development of wave project for multi-agent pipelines for AI-assisted development | Work on hiring-bias project measuring LLM résumé screener bias | Active development on lore-oss for shared context infrastructure","new"
"re:cinq","https://re-cinq.com/","https://www.rocketengineers.io/solution-providers/re-cinq","githubUrl","","https://github.com/re-cinq","new"
"re:cinq","https://re-cinq.com/","https://www.rocketengineers.io/solution-providers/re-cinq","linkedinUrl","","http://www.linkedin.com/company/re-cinq","new"
"re:cinq","https://re-cinq.com/","https://www.rocketengineers.io/solution-providers/re-cinq","logoUrl","https://cdn.sanity.io/images/nvc7dfzj/production/b03ef0c616bad2df5d95321149b3776bd6fd114c-1280x720.png","https://re-cinq.com/img/favicon.ico","different"
"re:cinq","https://re-cinq.com/","https://www.rocketengineers.io/solution-providers/re-cinq","confidenceScore","","95","new"
"nxt Engineering","https://nxt.engineering/","https://www.rocketengineers.io/solution-providers/nxt-engineering-gmbh","companyName","nxt.engineering","nxt Engineering GmbH","better"
"nxt Engineering","https://nxt.engineering/","https://www.rocketengineers.io/solution-providers/nxt-engineering-gmbh","website","https://nxt.engineering/","https://nxt.engineering/","equal"
"nxt Engineering","https://nxt.engineering/","https://www.rocketengineers.io/solution-providers/nxt-engineering-gmbh","description","Discover how our web application revolutionizes medical service recording with offline capabilities, automatic syncing, and seamless integration, boosting efficiency and user satisfaction in healthcare.","Python layering and sequential execution tool for animation and VFX","different"
"nxt Engineering","https://nxt.engineering/","https://www.rocketengineers.io/solution-providers/nxt-engineering-gmbh","services","Software Development | CI/CD | Frontend Development | UI / UX Design","Visual node editor development | Python-based animation tools | VFX pipeline solutions | Blender integration","better"
"nxt Engineering","https://nxt.engineering/","https://www.rocketengineers.io/solution-providers/nxt-engineering-gmbh","technologies","Angular | GraphQL | GitLab | Marten DB | Hangfire | Azure","Python | Mathematica | AMPL | Blender","different"
"nxt Engineering","https://nxt.engineering/","https://www.rocketengineers.io/solution-providers/nxt-engineering-gmbh","vendorPartnerships","Microsoft","","worse"
"nxt Engineering","https://nxt.engineering/","https://www.rocketengineers.io/solution-providers/nxt-engineering-gmbh","location","{""city"":""Zürich"",""country"":""Switzerland""}","Zurich, Switzerland","different"
"nxt Engineering","https://nxt.engineering/","https://www.rocketengineers.io/solution-providers/nxt-engineering-gmbh","companySize","6","8","better"
"nxt Engineering","https://nxt.engineering/","https://www.rocketengineers.io/solution-providers/nxt-engineering-gmbh","foundedYear","","2018","new"
"nxt Engineering","https://nxt.engineering/","https://www.rocketengineers.io/solution-providers/nxt-engineering-gmbh","industries","","Animation | Visual Effects | Software Development","new"
"nxt Engineering","https://nxt.engineering/","https://www.rocketengineers.io/solution-providers/nxt-engineering-gmbh","recentActivity","","Active development on nxt_editor with 190 stars | Core nxt tool with 84 stars | Recent Blender integration project | Maintained example graphs and documentation","new"
"nxt Engineering","https://nxt.engineering/","https://www.rocketengineers.io/solution-providers/nxt-engineering-gmbh","githubUrl","","https://github.com/nxt-dev","new"
"nxt Engineering","https://nxt.engineering/","https://www.rocketengineers.io/solution-providers/nxt-engineering-gmbh","linkedinUrl","","http://www.linkedin.com/company/nxtengineering","new"
"nxt Engineering","https://nxt.engineering/","https://www.rocketengineers.io/solution-providers/nxt-engineering-gmbh","logoUrl","https://cdn.sanity.io/images/nvc7dfzj/production/e69ee036bf2bf03f2b13f178451508e8606ddfd8-1280x720.png","","worse"
"nxt Engineering","https://nxt.engineering/","https://www.rocketengineers.io/solution-providers/nxt-engineering-gmbh","confidenceScore","","85","new"
"copebit","https://www.copebit.ch/de/home/","https://www.rocketengineers.io/solution-providers/copebit-ag","companyName","Copebit AG","copebit AG","equal"
"copebit","https://www.copebit.ch/de/home/","https://www.rocketengineers.io/solution-providers/copebit-ag","website","https://www.copebit.ch/de/home/","https://www.copebit.ch","different"
"copebit","https://www.copebit.ch/de/home/","https://www.rocketengineers.io/solution-providers/copebit-ag","description","Discover how an insurance company revolutionized its operations with AWS cloud solutions provided by Copebit AG. Learn about their journey towards enhanced system stability, performance, and automation.","Your Cloud and Automation Partner - We are an innovative born in the cloud company that work with Automation and IoT. We help companies on their AWS journey through migration, optimization, and transformation to cloud-native applications.","better"
"copebit","https://www.copebit.ch/de/home/","https://www.rocketengineers.io/solution-providers/copebit-ag","services","Automation | Cloud Security | Cloud Engineering | Cloud Architecture | Cloud Strategy","AWS Cloud Migration | Cloud Consulting | Automation | Infrastructure as Code | CI/CD Pipelines | Configuration Management | DevOps | Microsoft Solutions on AWS | AWS Service Catalog | Data Center Migration | Project Management","better"
"copebit","https://www.copebit.ch/de/home/","https://www.rocketengineers.io/solution-providers/copebit-ag","technologies","AWS | AWS Foundation | AWS Security | EKS | Containers | GitLab | Terraform/OpenTofu","AWS | Kubernetes | Puppet | CloudFormation | ECS | ECS Fargate | Lambda | RDS | EC2 | S3 | VPC | Active Directory | Microsoft SQL Server | Docker | CI/CD | Infrastructure as Code","better"
"copebit","https://www.copebit.ch/de/home/","https://www.rocketengineers.io/solution-providers/copebit-ag","vendorPartnerships","AWS | Isovalent | GitLab | Red Hat","AWS | Puppet | Isovalent | Red Hat","better"
"copebit","https://www.copebit.ch/de/home/","https://www.rocketengineers.io/solution-providers/copebit-ag","location","{""city"":""Zürich"",""country"":""Switzerland""}","Zurich, Switzerland","different"
"copebit","https://www.copebit.ch/de/home/","https://www.rocketengineers.io/solution-providers/copebit-ag","companySize","30","15","better"
"copebit","https://www.copebit.ch/de/home/","https://www.rocketengineers.io/solution-providers/copebit-ag","foundedYear","","2016","new"
"copebit","https://www.copebit.ch/de/home/","https://www.rocketengineers.io/solution-providers/copebit-ag","industries","","Cloud Computing | IT Consulting | DevOps | Automation | Telecommunications | Data Analytics","new"
"copebit","https://www.copebit.ch/de/home/","https://www.rocketengineers.io/solution-providers/copebit-ag","recentActivity","","","missing"
"copebit","https://www.copebit.ch/de/home/","https://www.rocketengineers.io/solution-providers/copebit-ag","githubUrl","","https://github.com/copebit","new"
"copebit","https://www.copebit.ch/de/home/","https://www.rocketengineers.io/solution-providers/copebit-ag","linkedinUrl","","http://www.linkedin.com/company/copebit","new"
"copebit","https://www.copebit.ch/de/home/","https://www.rocketengineers.io/solution-providers/copebit-ag","logoUrl","https://cdn.sanity.io/images/nvc7dfzj/production/bb3f7d12fe58f4bd7023ee5f8e725e232034dedb-1280x720.png","https://www.copebit.ch/wp-content/uploads/cropped-copebit-favicon-2-32x32.png","different"
"copebit","https://www.copebit.ch/de/home/","https://www.rocketengineers.io/solution-providers/copebit-ag","confidenceScore","","92","new"
"1way2cloud","https://1way2cloud.com/","https://www.rocketengineers.io/solution-providers/1way2cloud","companyName","1way2cloud","1way2cloud-company","better"
"1way2cloud","https://1way2cloud.com/","https://www.rocketengineers.io/solution-providers/1way2cloud","website","https://1way2cloud.com/","https://1way2cloud.com/","equal"
"1way2cloud","https://1way2cloud.com/","https://www.rocketengineers.io/solution-providers/1way2cloud","description","Using AWS serverless services for innovative e-commerce","","worse"
"1way2cloud","https://1way2cloud.com/","https://www.rocketengineers.io/solution-providers/1way2cloud","services","CI/CD | IaC | AI Consulting | Cloud Architecture | Cloud Engineering","","worse"
"1way2cloud","https://1way2cloud.com/","https://www.rocketengineers.io/solution-providers/1way2cloud","technologies","AWS | AWS Lambda | DynamoDB Streams | Amazon Bedrock | AWS Step Functions | AWS SQS | AWS Amplify | AWS AppSync","","worse"
"1way2cloud","https://1way2cloud.com/","https://www.rocketengineers.io/solution-providers/1way2cloud","vendorPartnerships","AWS","","worse"
"1way2cloud","https://1way2cloud.com/","https://www.rocketengineers.io/solution-providers/1way2cloud","location","{""city"":""Zürich"",""country"":""Switzerland""}","Zurich, Zurich, Switzerland","different"
"1way2cloud","https://1way2cloud.com/","https://www.rocketengineers.io/solution-providers/1way2cloud","companySize","10-15","11","different"
"1way2cloud","https://1way2cloud.com/","https://www.rocketengineers.io/solution-providers/1way2cloud","foundedYear","","2016","new"
"1way2cloud","https://1way2cloud.com/","https://www.rocketengineers.io/solution-providers/1way2cloud","industries","","","missing"
"1way2cloud","https://1way2cloud.com/","https://www.rocketengineers.io/solution-providers/1way2cloud","recentActivity","","","missing"
"1way2cloud","https://1way2cloud.com/","https://www.rocketengineers.io/solution-providers/1way2cloud","githubUrl","","https://github.com/1way2cloud","new"
"1way2cloud","https://1way2cloud.com/","https://www.rocketengineers.io/solution-providers/1way2cloud","linkedinUrl","","http://www.linkedin.com/company/1way2cloud-company","new"
"1way2cloud","https://1way2cloud.com/","https://www.rocketengineers.io/solution-providers/1way2cloud","logoUrl","https://cdn.sanity.io/images/nvc7dfzj/production/99c1e3d07460d0048f9503b6cf886189a5ad2a74-1280x720.png","","worse"
"1way2cloud","https://1way2cloud.com/","https://www.rocketengineers.io/solution-providers/1way2cloud","confidenceScore","","65","new"
"b-nova","https://b-nova.com/","https://www.rocketengineers.io/solution-providers/b-nova","companyName","b-nova","b-nova Schweiz GmbH","better"
"b-nova","https://b-nova.com/","https://www.rocketengineers.io/solution-providers/b-nova","website","https://b-nova.com/","https://b-nova.com","different"
"b-nova","https://b-nova.com/","https://www.rocketengineers.io/solution-providers/b-nova","description","Discover how an AI tool revolutionizes social media content creation for a tech leader, streamlining aggregation, enhancing efficiency, and boosting online engagement.","","worse"
"b-nova","https://b-nova.com/","https://www.rocketengineers.io/solution-providers/b-nova","services","Cloud Engineering | Software Development | AI Consulting","","worse"
"b-nova","https://b-nova.com/","https://www.rocketengineers.io/solution-providers/b-nova","technologies","OpenAI | Golang | DynamoDB | AWS","Rust | Go | TypeScript | HCL | JavaScript | Docker | Kubernetes | Helm","better"
"b-nova","https://b-nova.com/","https://www.rocketengineers.io/solution-providers/b-nova","vendorPartnerships","","","missing"
"b-nova","https://b-nova.com/","https://www.rocketengineers.io/solution-providers/b-nova","location","{""city"":""Basel"",""country"":""Switzerland""}","Basel, Basel-Stadt, Switzerland","different"
"b-nova","https://b-nova.com/","https://www.rocketengineers.io/solution-providers/b-nova","companySize","5-10","3","different"
"b-nova","https://b-nova.com/","https://www.rocketengineers.io/solution-providers/b-nova","foundedYear","","2017","new"
"b-nova","https://b-nova.com/","https://www.rocketengineers.io/solution-providers/b-nova","industries","","","missing"
"b-nova","https://b-nova.com/","https://www.rocketengineers.io/solution-providers/b-nova","recentActivity","","[object Object] | [object Object] | [object Object]","new"
"b-nova","https://b-nova.com/","https://www.rocketengineers.io/solution-providers/b-nova","githubUrl","","https://github.com/b-nova","new"
"b-nova","https://b-nova.com/","https://www.rocketengineers.io/solution-providers/b-nova","linkedinUrl","","http://www.linkedin.com/company/b-nova","new"
"b-nova","https://b-nova.com/","https://www.rocketengineers.io/solution-providers/b-nova","logoUrl","https://cdn.sanity.io/images/nvc7dfzj/production/21aafc1f0d43581ca3cee84e0961e5b870df5da3-1280x720.png","","worse"
"b-nova","https://b-nova.com/","https://www.rocketengineers.io/solution-providers/b-nova","confidenceScore","","85","new"
"Peak Scale","https://peakscale.ch/en/","https://www.rocketengineers.io/solution-providers/peak-scale","companyName","Peak Scale","Peak Scale","equal"
"Peak Scale","https://peakscale.ch/en/","https://www.rocketengineers.io/solution-providers/peak-scale","website","https://peakscale.ch/en/","https://peakscale.ch","different"
"Peak Scale","https://peakscale.ch/en/","https://www.rocketengineers.io/solution-providers/peak-scale","description","Explore how integrating SBOM and SLSA Level 2 significantly enhances software supply chain security. Learn about the benefits and key strategies for secure CI/CD pipelines.","Cloud Native Experts. At Peak Scale, we believe that IT architecture is constantly evolving. That's why we embrace pragmatic and evolutionary approaches. We provide support and guidance through services in architecture, engineering, training, and assessments, all within the context of modern, cloud-native infrastructures.","better"
"Peak Scale","https://peakscale.ch/en/","https://www.rocketengineers.io/solution-providers/peak-scale","services","CI/CD | Supply Chain Security","architecture | engineering | training | assessments","better"
"Peak Scale","https://peakscale.ch/en/","https://www.rocketengineers.io/solution-providers/peak-scale","technologies","GitLab | SLSA | Sigstore | Docker Registry","","worse"
"Peak Scale","https://peakscale.ch/en/","https://www.rocketengineers.io/solution-providers/peak-scale","vendorPartnerships","","","missing"
"Peak Scale","https://peakscale.ch/en/","https://www.rocketengineers.io/solution-providers/peak-scale","location","{""city"":""Bern"",""country"":""Switzerland""}","Ostermundigen, Canton of Bern, Switzerland","better"
"Peak Scale","https://peakscale.ch/en/","https://www.rocketengineers.io/solution-providers/peak-scale","companySize","5-10","7","different"
"Peak Scale","https://peakscale.ch/en/","https://www.rocketengineers.io/solution-providers/peak-scale","foundedYear","","2022","new"
"Peak Scale","https://peakscale.ch/en/","https://www.rocketengineers.io/solution-providers/peak-scale","industries","","","missing"
"Peak Scale","https://peakscale.ch/en/","https://www.rocketengineers.io/solution-providers/peak-scale","recentActivity","","","missing"
"Peak Scale","https://peakscale.ch/en/","https://www.rocketengineers.io/solution-providers/peak-scale","githubUrl","","https://github.com/PeakScaleHQ","new"
"Peak Scale","https://peakscale.ch/en/","https://www.rocketengineers.io/solution-providers/peak-scale","linkedinUrl","","http://www.linkedin.com/company/peakscale","new"
"Peak Scale","https://peakscale.ch/en/","https://www.rocketengineers.io/solution-providers/peak-scale","logoUrl","https://cdn.sanity.io/images/nvc7dfzj/production/84e661eb57de4867d0499c9f93e5373ceecb10e0-1280x720.png","https://peakscale.ch/favicon.ico","different"
"Peak Scale","https://peakscale.ch/en/","https://www.rocketengineers.io/solution-providers/peak-scale","confidenceScore","","85","new"
"Puzzle ITC","https://www.puzzle.ch/","https://www.rocketengineers.io/solution-providers/puzzle-itc","companyName","Puzzle ITC","Puzzle ITC","equal"
"Puzzle ITC","https://www.puzzle.ch/","https://www.rocketengineers.io/solution-providers/puzzle-itc","website","https://www.puzzle.ch/","https://www.puzzle.ch/","equal"
"Puzzle ITC","https://www.puzzle.ch/","https://www.rocketengineers.io/solution-providers/puzzle-itc","description","Discover how a leading insurance software company dramatically enhanced system stability and operational efficiency by adopting OpenShift, fostering a DevOps culture, and streamlining deployment processes.","","worse"
"Puzzle ITC","https://www.puzzle.ch/","https://www.rocketengineers.io/solution-providers/puzzle-itc","services","DevOps Culture | CI/CD | Cloud Engineering | GitOps","Open source OKR application | Time tracking and resource planning web application for SMEs | Skill management web application | Ansible Collection for opnsense Firewall configuration | Cert-manager ACME DNS01 solver webhook for DNSimple","better"
"Puzzle ITC","https://www.puzzle.ch/","https://www.rocketengineers.io/solution-providers/puzzle-itc","technologies","OpenShift | Kubernetes","Java | Ruby | TypeScript | Python | Go | JavaScript | HTML | SCSS | Haml | CoffeeScript | Shell | Dockerfile | PLpgSQL | Ansible","better"
"Puzzle ITC","https://www.puzzle.ch/","https://www.rocketengineers.io/solution-providers/puzzle-itc","vendorPartnerships","Red Hat | GitLab | SuSE | Isovalent | AWS | Google Cloud | Dagger | CiQ","","worse"
"Puzzle ITC","https://www.puzzle.ch/","https://www.rocketengineers.io/solution-providers/puzzle-itc","location","{""city"":""Bern"",""country"":""Switzerland""}","Bern, Canton of Bern, Switzerland","different"
"Puzzle ITC","https://www.puzzle.ch/","https://www.rocketengineers.io/solution-providers/puzzle-itc","companySize","150+","140","different"
"Puzzle ITC","https://www.puzzle.ch/","https://www.rocketengineers.io/solution-providers/puzzle-itc","foundedYear","","2000","new"
"Puzzle ITC","https://www.puzzle.ch/","https://www.rocketengineers.io/solution-providers/puzzle-itc","industries","","Software Development | Information Technology","new"
"Puzzle ITC","https://www.puzzle.ch/","https://www.rocketengineers.io/solution-providers/puzzle-itc","recentActivity","","Active development on OKR application (last updated June 2026) | Ongoing maintenance of PuzzleTime time tracking application | Development of PCTS Sheet Project | Maintenance of skills management web application | Updates to Backstage techlab project | Continued work on opnsense Ansible collection","new"
"Puzzle ITC","https://www.puzzle.ch/","https://www.rocketengineers.io/solution-providers/puzzle-itc","githubUrl","","https://github.com/puzzle","new"
"Puzzle ITC","https://www.puzzle.ch/","https://www.rocketengineers.io/solution-providers/puzzle-itc","linkedinUrl","","http://www.linkedin.com/company/puzzle-itc","new"
"Puzzle ITC","https://www.puzzle.ch/","https://www.rocketengineers.io/solution-providers/puzzle-itc","logoUrl","https://cdn.sanity.io/images/nvc7dfzj/production/80ce402f415fb570336a0a92ef612f41bee1e5a4-1280x720.png","","worse"
"Puzzle ITC","https://www.puzzle.ch/","https://www.rocketengineers.io/solution-providers/puzzle-itc","confidenceScore","","85","new"
"VSHN","https://www.vshn.ch/en/","https://www.rocketengineers.io/solution-providers/vshn","companyName","VSHN","VSHN AG","better"
"VSHN","https://www.vshn.ch/en/","https://www.rocketengineers.io/solution-providers/vshn","website","https://www.vshn.ch/en/","https://www.vshn.ch","different"
"VSHN","https://www.vshn.ch/en/","https://www.rocketengineers.io/solution-providers/vshn","description","A medium-sized Swiss company was challenged to migrate its on-premises ERP system, Odoo, to a managed cloud.","VSHN - The DevOps Company transforms software into online services by automating and managing application workloads.","better"
"VSHN","https://www.vshn.ch/en/","https://www.rocketengineers.io/solution-providers/vshn","services","Managed Container Platform | CI/CD | Managed Application Services | Cloud Engineering | ISO27001 Compliance","DevOps Enablement for SaaS Business | Integrated Enterprise Kubernetes Platform | Special Environments for non-cloud native Workloads | Managed Container Platforms | Application Catalog | Managed Servers | Platform Modernization | Cloud Platform Operations | Custom Application Operations Support | Monitoring & Alert Handling","better"
"VSHN","https://www.vshn.ch/en/","https://www.rocketengineers.io/solution-providers/vshn","technologies","OpenShift | Odoo | Postgres | GitLab","Kubernetes | OpenShift | Docker | Rancher | Ansible | Puppet | Red Hat OpenShift | Go | Python | TypeScript | Shell | Makefile | Dockerfile","better"
"VSHN","https://www.vshn.ch/en/","https://www.rocketengineers.io/solution-providers/vshn","vendorPartnerships","Google Cloud | Isovalent | GitLab | AWS | SuSE","Red Hat | Airlock | cloudscale.ch | Exoscale","different"
"VSHN","https://www.vshn.ch/en/","https://www.rocketengineers.io/solution-providers/vshn","location","{""city"":""Zürich"",""country"":""Switzerland""}","Zürich, Switzerland","different"
"VSHN","https://www.vshn.ch/en/","https://www.rocketengineers.io/solution-providers/vshn","companySize","40-60","37","different"
"VSHN","https://www.vshn.ch/en/","https://www.rocketengineers.io/solution-providers/vshn","foundedYear","","2014","new"
"VSHN","https://www.vshn.ch/en/","https://www.rocketengineers.io/solution-providers/vshn","industries","","Software Development | Cloud Services | DevOps | Healthcare | Financial Services","new"
"VSHN","https://www.vshn.ch/en/","https://www.rocketengineers.io/solution-providers/vshn","recentActivity","","VSHN Wins Red Hat Partner Award 2025 for Platform Modernization | Sponsoring Swiss Software Festival 2026 | Sponsoring Cloud Native Zürich 2026 | Switch joins Servala as Cloud Service Provider | AppCat Update - CloudNativePG Becomes the New Default PostgreSQL | Writing a Kubernetes Cluster Autoscaler Provider with externalgrpc","new"
"VSHN","https://www.vshn.ch/en/","https://www.rocketengineers.io/solution-providers/vshn","githubUrl","","https://github.com/vshn","new"
"VSHN","https://www.vshn.ch/en/","https://www.rocketengineers.io/solution-providers/vshn","linkedinUrl","","http://www.linkedin.com/company/vshn-ag","new"
"VSHN","https://www.vshn.ch/en/","https://www.rocketengineers.io/solution-providers/vshn","logoUrl","https://cdn.sanity.io/images/nvc7dfzj/production/44b5e5604ad5789b2c8735ca2df4f918f8395dc4-1280x720.png","https://www.vshn.ch/wp-content/themes/ftheme/src/images/vision_favicon.ico","different"
"VSHN","https://www.vshn.ch/en/","https://www.rocketengineers.io/solution-providers/vshn","confidenceScore","","95","new"